ANCIENT_WRITING	Back to Basics
AUGMENTER	Drug Dealer
BIG_FISH	Big Fish
BONFIRE_SPIRITS	Bonfire Elementals
COLOSSEUM	Colosseum
CURSED_TOME	Cursed Tome
DEAD_ADVENTURER	Dead Adventurer
DESIGNER_IN_SPIRE	Designer
DUPLICATOR	Duplicator
FACE_TRADER	FaceTrader
FALLING	Falling
FORGOTTEN_ALTAR	Forgotten Altar
GHOSTS	Ghosts
GOLDEN_IDOL	Golden Idol
GOLDEN_SHRINE	Golden Shrine
HYPNOTIZING_COLORED_MUSHROOMS	Mushrooms
KNOWING_SKULL	Knowing Skull
LAB	Lab
LIVING_WALL	Living Wall
MASKED_BANDITS	Masked Bandits
MATCH_AND_KEEP	Match and Keep!
MINDBLOOM	MindBloom
MYSTERIOUS_SPHERE	Mysterious Sphere
NEOW	NEOW
NLOTH	N'loth
NOTE_FOR_YOURSELF	NoteForYourself
OLD_BEGGAR	Beggar
OMINOUS_FORGE	Accursed Blacksmith
PLEADING_VAGRANT	Addict
PURIFIER	Purifier
SCRAP_OOZE	Scrap Ooze
SECRET_PORTAL	SecretPortal
SENSORY_STONE	SensoryStone
SHINING_LIGHT	Shining Light
THE_CLERIC	The Cleric
THE_DIVINE_FOUNTAIN	Fountain of Cleansing
THE_JOUST	The Joust
THE_LIBRARY	The Library
THE_MAUSOLEUM	The Mausoleum
THE_MOAI_HEAD	The Moai Head
THE_NEST	Nest
THE_SSSSSERPENT	Liars Game
THE_WOMAN_IN_BLUE	The Woman in Blue
TOMB_OF_LORD_RED_MASK	Tomb of Lord Red Mask
TRANSMORGRIFIER	Transmorgrifier
UPGRADE_SHRINE	Upgrade Shrine
VAMPIRES	Vampires
WE_MEET_AGAIN	WeMeetAgain
WHEEL_OF_CHANGE	Wheel of Change
WINDING_HALLS	Winding Halls
WING_STATUE	Golden Wing
WORLD_OF_GOOP	World of Goop
