AUTOMATON	Automaton
AWAKENED_ONE	Awakened One
BLUE_SLAVER	Blue Slaver
BOOK_OF_STABBING	Book of Stabbing
CENTURION_AND_HEALER	Centurion and Healer
CHAMP	Champ
CHOSEN	Chosen
CHOSEN_AND_BYRDS	Chosen and Byrds
COLLECTOR	Collector
COLOSSEUM_EVENT_NOBS	Colosseum Nobs
COLOSSEUM_EVENT_SLAVERS	Colosseum Slavers
CULTIST	Cultist
CULTIST_AND_CHOSEN	Cultist and Chosen
DONU_AND_DECA	Donu and Deca
EXORDIUM_THUGS	Exordium Thugs
EXORDIUM_WILDLIFE	Exordium Wildlife
FOUR_SHAPES	4 Shapes
GIANT_HEAD	Giant Head
GREMLIN_GANG	Gremlin Gang
GREMLIN_LEADER	Gremlin Leader
GREMLIN_NOB	Gremlin Nob
HEXAGHOST	Hexaghost
JAW_WORM	Jaw Worm
JAW_WORM_HORDE	Jaw Worm Horde
LAGAVULIN	Lagavulin
LAGAVULIN_EVENT	Lagavulin Event
LARGE_SLIME	Large Slime
LOOTER	Looter
LOTS_OF_SLIMES	Lots of Slimes
MASKED_BANDITS_EVENT	Masked Bandits
MAW	Maw
MUSHROOMS_EVENT	The Mushroom Lair
MYSTERIOUS_SPHERE_EVENT	Mysterious Sphere
NEMESIS	Nemesis
ORB_WALKER	Orb Walker
RED_SLAVER	Red Slaver
REPTOMANCER	Reptomancer
SENTRY_AND_SPHERE	Sentry and Sphere
SHELLED_PARASITE_AND_FUNGI	Shelled Parasite and Fungi
SHELL_PARASITE	Shell Parasite
SHIELD_AND_SPEAR	Shield and Spear
SLAVERS	Slavers
SLIME_BOSS	Slime Boss
SMALL_SLIMES	Small Slimes
SNAKE_PLANT	Snake Plant
SNECKO	Snecko
SPHERE_AND_TWO_SHAPES	Sphere and 2 Shapes
SPHERIC_GUARDIAN	Spheric Guardian
SPIRE_GROWTH	Spire Growth
THE_GUARDIAN	The Guardian
THE_HEART	The Heart
THREE_BYRDS	3 Byrds
THREE_CULTIST	3 Cultists
THREE_DARKLINGS	3 Darklings
THREE_LOUSE	3 Louse
THREE_SENTRIES	3 Sentries
THREE_SHAPES	3 Shapes
TIME_EATER	Time Eater
TRANSIENT	Transient
TWO_FUNGI_BEASTS	2 Fungi Beasts
TWO_LOUSE	2 Louse
TWO_THIEVES	2 Thieves
WRITHING_MASS	Writhing Mass
