ANCIENT_POTION	Ancient Potion
ATTACK_POTION	AttackPotion
BLESSING_OF_THE_FORGE	BlessingOfTheForge
BLOCK_POTION	Block Potion
BLOOD_POTION	BloodPotion
COLORLESS_POTION	ColorlessPotion
CULTIST_POTION	CultistPotion
DEXTERITY_POTION	Dexterity Potion
DISTILLED_CHAOS	DistilledChaos
DUPLICATION_POTION	DuplicationPotion
ELIXIR_POTION	ElixirPotion
ENERGY_POTION	Energy Potion
ENTROPIC_BREW	EntropicBrew
ESSENCE_OF_STEEL	EssenceOfSteel
EXPLOSIVE_POTION	Explosive Potion
FAIRY_POTION	FairyPotion
FEAR_POTION	FearPotion
FIRE_POTION	Fire Potion
FLEX_POTION	SteroidPotion
FRUIT_JUICE	Fruit Juice
GAMBLERS_BREW	GamblersBrew
HEART_OF_IRON	HeartOfIron
LIQUID_BRONZE	LiquidBronze
LIQUID_MEMORIES	LiquidMemories
POWER_POTION	PowerPotion
REGEN_POTION	Regen Potion
SKILL_POTION	SkillPotion
SMOKE_BOMB	SmokeBomb
SNECKO_OIL	SneckoOil
SPEED_POTION	SpeedPotion
STRENGTH_POTION	Strength Potion
SWIFT_POTION	Swift Potion
WEAK_POTION	Weak Potion
