AKABEKO	Akabeko
ANCHOR	Anchor
ANCIENT_TEA_SET	Ancient Tea Set
ART_OF_WAR	Art of War
ASTROLABE	Astrolabe
BAG_OF_MARBLES	Bag of Marbles
BAG_OF_PREPARATION	Bag of Preparation
BIRD_FACED_URN	Bird Faced Urn
BLACK_BLOOD	Black Blood
BLACK_STAR	Black Star
BLOODY_IDOL	Bloody Idol
BLOOD_VIAL	Blood Vial
BLUE_CANDLE	Blue Candle
BOTTLED_FLAME	Bottled Flame
BOTTLED_LIGHTNING	Bottled Lightning
BOTTLED_TORNADO	Bottled Tornado
BRIMSTONE	Brimstone
BRONZE_SCALES	Bronze Scales
BURNING_BLOOD	Burning Blood
BUSTED_CROWN	Busted Crown
CALIPERS	Calipers
CALLING_BELL	Calling Bell
CAPTAINS_WHEEL	CaptainsWheel
CAULDRON	Cauldron
CENTENNIAL_PUZZLE	Centennial Puzzle
CERAMIC_FISH	CeramicFish
CHAMPION_BELT	Champion Belt
CHARONS_ASHES	Charon's Ashes
CHEMICAL_X	Chemical X
CIRCLET	Circlet
CLOCKWORK_SOUVENIR	ClockworkSouvenir
COFFEE_DRIPPER	Coffee Dripper
CULTIST_HEADPIECE	CultistMask
CURSED_KEY	Cursed Key
DARKSTONE_PERIAPT	Darkstone Periapt
DEAD_BRANCH	Dead Branch
DOLLYS_MIRROR	DollysMirror
DREAM_CATCHER	Dream Catcher
DU_VU_DOLL	Du-Vu Doll
ECTOPLASM	Ectoplasm
EMPTY_CAGE	Empty Cage
ENCHIRIDION	Enchiridion
ETERNAL_FEATHER	Eternal Feather
FACE_OF_CLERIC	FaceOfCleric
FOSSILIZED_HELIX	FossilizedHelix
FROZEN_EGG	Frozen Egg 2
FROZEN_EYE	Frozen Eye
FUSION_HAMMER	Fusion Hammer
GAMBLING_CHIP	Gambling Chip
GINGER	Ginger
GIRYA	Girya
GOLDEN_IDOL	Golden Idol
GREMLIN_HORN	Gremlin Horn
GREMLIN_VISAGE	GremlinMask
HAND_DRILL	HandDrill
HAPPY_FLOWER	Happy Flower
HORN_CLEAT	HornCleat
ICE_CREAM	Ice Cream
INCENSE_BURNER	Incense Burner
INK_BOTTLE	InkBottle
JUZU_BRACELET	Juzu Bracelet
KUNAI	Kunai
LANTERN	Lantern
LEES_WAFFLE	Lee's Waffle
LETTER_OPENER	Letter Opener
LIZARD_TAIL	Lizard Tail
MAGIC_FLOWER	Magic Flower
MANGO	Mango
MARK_OF_PAIN	Mark of Pain
MARK_OF_THE_BLOOM	Mark of the Bloom
MATRYOSHKA	Matryoshka
MAW_BANK	MawBank
MEAL_TICKET	MealTicket
MEAT_ON_THE_BONE	Meat on the Bone
MEDICAL_KIT	Medical Kit
MEMBERSHIP_CARD	Membership Card
MERCURY_HOURGLASS	Mercury Hourglass
MOLTEN_EGG	Molten Egg 2
MUMMIFIED_HAND	Mummified Hand
MUTAGENIC_STRENGTH	MutagenicStrength
NECRONOMICON	Necronomicon
NEOWS_LAMENT	NeowsBlessing
NILRYS_CODEX	Nilry's Codex
NLOTHS_GIFT	Nloth's Gift
NLOTHS_HUNGRY_FACE	NlothsMask
NUNCHAKU	Nunchaku
ODDLY_SMOOTH_STONE	Oddly Smooth Stone
ODD_MUSHROOM	Odd Mushroom
OLD_COIN	Old Coin
OMAMORI	Omamori
ORANGE_PELLETS	OrangePellets
ORICHALCUM	Orichalcum
ORNAMENTAL_FAN	Ornamental Fan
ORRERY	Orrery
PANDORAS_BOX	Pandora's Box
PANTOGRAPH	Pantograph
PAPER_PHROG	Paper Frog
PEACE_PIPE	Peace Pipe
PEAR	Pear
PEN_NIB	Pen Nib
PHILOSOPHERS_STONE	Philosopher's Stone
POCKETWATCH	Pocketwatch
POTION_BELT	Potion Belt
PRAYER_WHEEL	Prayer Wheel
PRESERVED_INSECT	PreservedInsect
PRISMATIC_SHARD	PrismaticShard
QUESTION_CARD	Question Card
RED_CIRCLET	Red Circlet
RED_MASK	Red Mask
RED_SKULL	Red Skull
REGAL_PILLOW	Regal Pillow
RUNIC_CUBE	Runic Cube
RUNIC_DOME	Runic Dome
RUNIC_PYRAMID	Runic Pyramid
SACRED_BARK	SacredBark
SELF_FORMING_CLAY	Self Forming Clay
SHOVEL	Shovel
SHURIKEN	Shuriken
SINGING_BOWL	Singing Bowl
SLAVERS_COLLAR	SlaversCollar
SLING_OF_COURAGE	Sling
SMILING_MASK	Smiling Mask
SNECKO_EYE	Snecko Eye
SOZU	Sozu
SPIRIT_POOP	Spirit Poop
SSSERPENT_HEAD	SsserpentHead
STONE_CALENDAR	StoneCalendar
STRANGE_SPOON	Strange Spoon
STRAWBERRY	Strawberry
STRIKE_DUMMY	StrikeDummy
SUNDIAL	Sundial
THE_ABACUS	TheAbacus
THE_BOOT	Boot
THE_COURIER	The Courier
THREAD_AND_NEEDLE	Thread and Needle
TINY_CHEST	Tiny Chest
TINY_HOUSE	Tiny House
TOOLBOX	Toolbox
TORII	Torii
TOXIC_EGG	Toxic Egg 2
TOY_ORNITHOPTER	Toy Ornithopter
TUNGSTEN_ROD	TungstenRod
TURNIP	Turnip
UNCEASING_TOP	Unceasing Top
VAJRA	Vajra
VELVET_CHOKER	Velvet Choker
WARPED_TONGS	WarpedTongs
WAR_PAINT	War Paint
WHETSTONE	Whetstone
WHITE_BEAST_STATUE	White Beast Statue
WING_BOOTS	WingedGreaves
