ANGER	Anger
APOTHEOSIS	Apotheosis
APPARITION	Ghostly
ARMAMENTS	Armaments
BANDAGE_UP	Bandage Up
BARRICADE	Barricade
BASH	Bash
BATTLE_TRANCE	Battle Trance
BERSERK	Berserk
BITE	Bite
BLIND	Blind
BLOODLETTING	Bloodletting
BLOOD_FOR_BLOOD	Blood for Blood
BLUDGEON	Bludgeon
BODY_SLAM	Body Slam
BRUTALITY	Brutality
BURN	Burn
BURNING_PACT	Burning Pact
CARNAGE	Carnage
CHRYSALIS	Chrysalis
CLASH	Clash
CLEAVE	Cleave
CLOTHESLINE	Clothesline
CLUMSY	Clumsy
COMBUST	Combust
CORRUPTION	Corruption
CURSE_OF_THE_BELL	CurseOfTheBell
DARK_EMBRACE	Dark Embrace
DARK_SHACKLES	Dark Shackles
DAZED	Dazed
DECAY	Decay
DEEP_BREATH	Deep Breath
DEFEND_RED	Defend_R
DEMON_FORM	Demon Form
DISARM	Disarm
DISCOVERY	Discovery
DOUBLE_TAP	Double Tap
DOUBT	Doubt
DRAMATIC_ENTRANCE	Dramatic Entrance
DROPKICK	Dropkick
DUAL_WIELD	Dual Wield
ENLIGHTENMENT	Enlightenment
ENTRENCH	Entrench
EVOLVE	Evolve
EXHUME	Exhume
FEED	Feed
FEEL_NO_PAIN	Feel No Pain
FIEND_FIRE	Fiend Fire
FINESSE	Finesse
FIRE_BREATHING	Fire Breathing
FLAME_BARRIER	Flame Barrier
FLASH_OF_STEEL	Flash of Steel
FLEX	Flex
FORETHOUGHT	Forethought
GHOSTLY_ARMOR	Ghostly Armor
GOOD_INSTINCTS	Good Instincts
HAND_OF_GREED	HandOfGreed
HAVOC	Havoc
HEADBUTT	Headbutt
HEAVY_BLADE	Heavy Blade
HEMOKINESIS	Hemokinesis
IMMOLATE	Immolate
IMPATIENCE	Impatience
IMPERVIOUS	Impervious
INFERNAL_BLADE	Infernal Blade
INFLAME	Inflame
INJURY	Injury
INTIMIDATE	Intimidate
IRON_WAVE	Iron Wave
JACK_OF_ALL_TRADES	Jack Of All Trades
JAX	J.A.X.
JUGGERNAUT	Juggernaut
LIMIT_BREAK	Limit Break
MADNESS	Madness
MAGNETISM	Magnetism
MASTER_OF_STRATEGY	Master of Strategy
MAYHEM	Mayhem
METALLICIZE	Metallicize
METAMORPHOSIS	Metamorphosis
MIND_BLAST	Mind Blast
NECRONOMICURSE	Necronomicurse
NORMALITY	Normality
OFFERING	Offering
PAIN	Pain
PANACEA	Panacea
PANACHE	Panache
PANIC_BUTTON	PanicButton
PARASITE	Parasite
PERFECTED_STRIKE	Perfected Strike
POMMEL_STRIKE	Pommel Strike
POWER_THROUGH	Power Through
PUMMEL	Pummel
PURITY	Purity
RAGE	Rage
RAMPAGE	Rampage
REAPER	Reaper
RECKLESS_CHARGE	Reckless Charge
REGRET	Regret
RITUAL_DAGGER	RitualDagger
RUPTURE	Rupture
SADISTIC_NATURE	Sadistic Nature
SEARING_BLOW	Searing Blow
SECOND_WIND	Second Wind
SECRET_TECHNIQUE	Secret Technique
SECRET_WEAPON	Secret Weapon
SEEING_RED	Seeing Red
SENTINEL	Sentinel
SEVER_SOUL	Sever Soul
SHAME	Shame
SHOCKWAVE	Shockwave
SHRUG_IT_OFF	Shrug It Off
SLIMED	Slimed
SPOT_WEAKNESS	Spot Weakness
STRIKE_RED	Strike_R
SWIFT_STRIKE	Swift Strike
SWORD_BOOMERANG	Sword Boomerang
THE_BOMB	The Bomb
THINKING_AHEAD	Thinking Ahead
THUNDERCLAP	Thunderclap
TRANSMUTATION	Transmutation
TRIP	Trip
TRUE_GRIT	True Grit
TWIN_STRIKE	Twin Strike
UPPERCUT	Uppercut
VIOLENCE	Violence
WARCRY	Warcry
WHIRLWIND	Whirlwind
WILD_STRIKE	Wild Strike
WOUND	Wound
WRITHE	Writhe
